{
  "project_info": {
    "project_number": "1085933033430",
    "firebase_url": "https://avaliacaorapida-2019.firebaseio.com",
    "project_id": "avaliacaorapida-2019",
    "storage_bucket": "avaliacaorapida-2019.appspot.com"
  },
  "client": [
    {
      "client_info": {
        "mobilesdk_app_id": "1:1085933033430:android:26ce16e417c42d17",
        "android_client_info": {
          "package_name": "heloisahungaro.avr_aluno"
        }
      },
      "oauth_client": [
        {
          "client_id": "1085933033430-8gfl438stljo5o85dcocnqj97b46qglv.apps.googleusercontent.com",
          "client_type": 1,
          "android_info": {
            "package_name": "heloisahungaro.avr_aluno",
            "certificate_hash": "2967ff7af3592192b3c5f058993dcb950bda8a83"
          }
        },
        {
          "client_id": "1085933033430-2319a98aglmgcm5tvmi1k0po8ni9h4pk.apps.googleusercontent.com",
          "client_type": 3
        }
      ],
      "api_key": [
        {
          "current_key": "AIzaSyDg8FIDPlAIHud4ryGx9Ng0X-0LEZnfaZA"
        }
      ],
      "services": {
        "appinvite_service": {
          "other_platform_oauth_client": [
            {
              "client_id": "1085933033430-2319a98aglmgcm5tvmi1k0po8ni9h4pk.apps.googleusercontent.com",
              "client_type": 3
            },
            {
              "client_id": "1085933033430-lh82lb77qtdr7n90il4ahlpk1l16g8cf.apps.googleusercontent.com",
              "client_type": 2,
              "ios_info": {
                "bundle_id": "heloisahungaro.avrProfessor"
              }
            }
          ]
        }
      }
    },
    {
      "client_info": {
        "mobilesdk_app_id": "1:1085933033430:android:c005ffb3bdcef2e4",
        "android_client_info": {
          "package_name": "heloisahungaro.avr_professor"
        }
      },
      "oauth_client": [
        {
          "client_id": "1085933033430-pe805ugfjpabqsqbflemtv933dlq9rsa.apps.googleusercontent.com",
          "client_type": 1,
          "android_info": {
            "package_name": "heloisahungaro.avr_professor",
            "certificate_hash": "2967ff7af3592192b3c5f058993dcb950bda8a83"
          }
        },
        {
          "client_id": "1085933033430-2319a98aglmgcm5tvmi1k0po8ni9h4pk.apps.googleusercontent.com",
          "client_type": 3
        }
      ],
      "api_key": [
        {
          "current_key": "AIzaSyDg8FIDPlAIHud4ryGx9Ng0X-0LEZnfaZA"
        }
      ],
      "services": {
        "appinvite_service": {
          "other_platform_oauth_client": [
            {
              "client_id": "1085933033430-2319a98aglmgcm5tvmi1k0po8ni9h4pk.apps.googleusercontent.com",
              "client_type": 3
            },
            {
              "client_id": "1085933033430-lh82lb77qtdr7n90il4ahlpk1l16g8cf.apps.googleusercontent.com",
              "client_type": 2,
              "ios_info": {
                "bundle_id": "heloisahungaro.avrProfessor"
              }
            }
          ]
        }
      }
    }
  ],
  "configuration_version": "1"
}