{
  "project_info": {
    "project_number": "1085933033430",
    "firebase_url": "https://avaliacaorapida-2019.firebaseio.com",
    "project_id": "avaliacaorapida-2019",
    "storage_bucket": "avaliacaorapida-2019.appspot.com"
  },
  "client": [
    {
      "client_info": {
        "mobilesdk_app_id": "1:1085933033430:android:c005ffb3bdcef2e4",
        "android_client_info": {
          "package_name": "heloisahungaro.avr_professor"
        }
      },
      "oauth_client": [
        {
          "client_id": "1085933033430-2319a98aglmgcm5tvmi1k0po8ni9h4pk.apps.googleusercontent.com",
          "client_type": 3
        }
      ],
      "api_key": [
        {
          "current_key": "AIzaSyDg8FIDPlAIHud4ryGx9Ng0X-0LEZnfaZA"
        }
      ],
      "services": {
        "appinvite_service": {
          "other_platform_oauth_client": [
            {
              "client_id": "1085933033430-2319a98aglmgcm5tvmi1k0po8ni9h4pk.apps.googleusercontent.com",
              "client_type": 3
            }
          ]
        }
      }
    }
  ],
  "configuration_version": "1"
}